{"theta0": 2.261200486112589e-16, "theta1": -0.8405056807322244, "mean": 101066.25, "std": 51565.1899106445, "mean_price": 6331.833333333333, "std_price": 1291.8688873961714}