{"theta0": -1.1114109632615066e-16, "theta1": -0.9064937932983914, "mean": 146644.789, "std": 85259.76844707284, "mean_price": 22634.537828025503, "std_price": 4689.636740166253}